SET FOREIGN_KEY_CHECKS = 0;
DELETE FROM `sales_realizations`;
DELETE FROM `sales_targets`;
DELETE FROM `sales_members`;
DELETE FROM `entities`;
DELETE FROM `teams`;

INSERT INTO `teams` (`id`, `name`, `code`, `created_at`, `updated_at`) VALUES
(1, 'Team Alpha', 'TA', NOW(), NOW()),
(2, 'Team Beta', 'TB', NOW(), NOW());

INSERT INTO `entities` (`id`, `name`, `code`, `created_at`, `updated_at`) VALUES
(1, 'Buana', 'B1', NOW(), NOW()),
(2, 'Bentala', 'B2', NOW(), NOW()),
(3, 'Tritunas', 'T1', NOW(), NOW()),
(4, 'Bahana', 'B3', NOW(), NOW()),
(5, 'Suwung', 'S1', NOW(), NOW()),
(6, 'Instafactory', 'I1', NOW(), NOW());

INSERT INTO `sales_members` (`id`, `team_id`, `name`, `code`, `created_at`, `updated_at`) VALUES
(1, 1, 'Andi Suryono', 'SM01', NOW(), NOW()),
(2, 1, 'Budi Santoso', 'SM02', NOW(), NOW()),
(3, 2, 'Citra Lestari', 'SM03', NOW(), NOW()),
(4, 2, 'Dodi Pratama', 'SM04', NOW(), NOW());

INSERT INTO `sales_targets` (`year`, `month`, `sales_member_id`, `entity_id`, `target_amount`, `created_at`, `updated_at`) VALUES
(2026, 1, 1, 1, 750000000, NOW(), NOW()),
(2026, 1, 2, 1, 750000000, NOW(), NOW()),
(2026, 1, 3, 1, 750000000, NOW(), NOW()),
(2026, 1, 4, 1, 750000000, NOW(), NOW()),
(2026, 1, 1, 2, 1250000000, NOW(), NOW()),
(2026, 1, 2, 2, 1250000000, NOW(), NOW()),
(2026, 1, 3, 2, 1250000000, NOW(), NOW()),
(2026, 1, 4, 2, 1250000000, NOW(), NOW()),
(2026, 1, 1, 3, 250000000, NOW(), NOW()),
(2026, 1, 2, 3, 250000000, NOW(), NOW()),
(2026, 1, 3, 3, 250000000, NOW(), NOW()),
(2026, 1, 4, 3, 250000000, NOW(), NOW()),
(2026, 1, 1, 4, 500000000, NOW(), NOW()),
(2026, 1, 2, 4, 500000000, NOW(), NOW()),
(2026, 1, 3, 4, 500000000, NOW(), NOW()),
(2026, 1, 4, 4, 500000000, NOW(), NOW()),
(2026, 1, 1, 5, 12500000, NOW(), NOW()),
(2026, 1, 2, 5, 12500000, NOW(), NOW()),
(2026, 1, 3, 5, 12500000, NOW(), NOW()),
(2026, 1, 4, 5, 12500000, NOW(), NOW()),
(2026, 1, 1, 6, 37500000, NOW(), NOW()),
(2026, 1, 2, 6, 37500000, NOW(), NOW()),
(2026, 1, 3, 6, 37500000, NOW(), NOW()),
(2026, 1, 4, 6, 37500000, NOW(), NOW()),
(2026, 2, 1, 1, 825000000, NOW(), NOW()),
(2026, 2, 2, 1, 825000000, NOW(), NOW()),
(2026, 2, 3, 1, 825000000, NOW(), NOW()),
(2026, 2, 4, 1, 825000000, NOW(), NOW()),
(2026, 2, 1, 2, 1312500000, NOW(), NOW()),
(2026, 2, 2, 2, 1312500000, NOW(), NOW()),
(2026, 2, 3, 2, 1312500000, NOW(), NOW()),
(2026, 2, 4, 2, 1312500000, NOW(), NOW()),
(2026, 2, 1, 3, 300000000, NOW(), NOW()),
(2026, 2, 2, 3, 300000000, NOW(), NOW()),
(2026, 2, 3, 3, 300000000, NOW(), NOW()),
(2026, 2, 4, 3, 300000000, NOW(), NOW()),
(2026, 2, 1, 4, 500000000, NOW(), NOW()),
(2026, 2, 2, 4, 500000000, NOW(), NOW()),
(2026, 2, 3, 4, 500000000, NOW(), NOW()),
(2026, 2, 4, 4, 500000000, NOW(), NOW()),
(2026, 2, 1, 5, 14375000, NOW(), NOW()),
(2026, 2, 2, 5, 14375000, NOW(), NOW()),
(2026, 2, 3, 5, 14375000, NOW(), NOW()),
(2026, 2, 4, 5, 14375000, NOW(), NOW()),
(2026, 2, 1, 6, 39375000, NOW(), NOW()),
(2026, 2, 2, 6, 39375000, NOW(), NOW()),
(2026, 2, 3, 6, 39375000, NOW(), NOW()),
(2026, 2, 4, 6, 39375000, NOW(), NOW()),
(2026, 3, 1, 1, 907500000, NOW(), NOW()),
(2026, 3, 2, 1, 907500000, NOW(), NOW()),
(2026, 3, 3, 1, 907500000, NOW(), NOW()),
(2026, 3, 4, 1, 907500000, NOW(), NOW()),
(2026, 3, 1, 2, 1378125000, NOW(), NOW()),
(2026, 3, 2, 2, 1378125000, NOW(), NOW()),
(2026, 3, 3, 2, 1378125000, NOW(), NOW()),
(2026, 3, 4, 2, 1378125000, NOW(), NOW()),
(2026, 3, 1, 3, 360000000, NOW(), NOW()),
(2026, 3, 2, 3, 360000000, NOW(), NOW()),
(2026, 3, 3, 3, 360000000, NOW(), NOW()),
(2026, 3, 4, 3, 360000000, NOW(), NOW()),
(2026, 3, 1, 4, 500000000, NOW(), NOW()),
(2026, 3, 2, 4, 500000000, NOW(), NOW()),
(2026, 3, 3, 4, 500000000, NOW(), NOW()),
(2026, 3, 4, 4, 500000000, NOW(), NOW()),
(2026, 3, 1, 5, 16531250, NOW(), NOW()),
(2026, 3, 2, 5, 16531250, NOW(), NOW()),
(2026, 3, 3, 5, 16531250, NOW(), NOW()),
(2026, 3, 4, 5, 16531250, NOW(), NOW()),
(2026, 3, 1, 6, 41343750, NOW(), NOW()),
(2026, 3, 2, 6, 41343750, NOW(), NOW()),
(2026, 3, 3, 6, 41343750, NOW(), NOW()),
(2026, 3, 4, 6, 41343750, NOW(), NOW()),
(2026, 4, 1, 1, 998250000, NOW(), NOW()),
(2026, 4, 2, 1, 998250000, NOW(), NOW()),
(2026, 4, 3, 1, 998250000, NOW(), NOW()),
(2026, 4, 4, 1, 998250000, NOW(), NOW()),
(2026, 4, 1, 2, 1447031250, NOW(), NOW()),
(2026, 4, 2, 2, 1447031250, NOW(), NOW()),
(2026, 4, 3, 2, 1447031250, NOW(), NOW()),
(2026, 4, 4, 2, 1447031250, NOW(), NOW()),
(2026, 4, 1, 3, 432000000, NOW(), NOW()),
(2026, 4, 2, 3, 432000000, NOW(), NOW()),
(2026, 4, 3, 3, 432000000, NOW(), NOW()),
(2026, 4, 4, 3, 432000000, NOW(), NOW()),
(2026, 4, 1, 4, 500000000, NOW(), NOW()),
(2026, 4, 2, 4, 500000000, NOW(), NOW()),
(2026, 4, 3, 4, 500000000, NOW(), NOW()),
(2026, 4, 4, 4, 500000000, NOW(), NOW()),
(2026, 4, 1, 5, 19010938, NOW(), NOW()),
(2026, 4, 2, 5, 19010938, NOW(), NOW()),
(2026, 4, 3, 5, 19010938, NOW(), NOW()),
(2026, 4, 4, 5, 19010938, NOW(), NOW()),
(2026, 4, 1, 6, 43410938, NOW(), NOW()),
(2026, 4, 2, 6, 43410938, NOW(), NOW()),
(2026, 4, 3, 6, 43410938, NOW(), NOW()),
(2026, 4, 4, 6, 43410938, NOW(), NOW()),
(2026, 5, 1, 1, 1098075000, NOW(), NOW()),
(2026, 5, 2, 1, 1098075000, NOW(), NOW()),
(2026, 5, 3, 1, 1098075000, NOW(), NOW()),
(2026, 5, 4, 1, 1098075000, NOW(), NOW()),
(2026, 5, 1, 2, 1519382813, NOW(), NOW()),
(2026, 5, 2, 2, 1519382813, NOW(), NOW()),
(2026, 5, 3, 2, 1519382813, NOW(), NOW()),
(2026, 5, 4, 2, 1519382813, NOW(), NOW()),
(2026, 5, 1, 3, 518400000, NOW(), NOW()),
(2026, 5, 2, 3, 518400000, NOW(), NOW()),
(2026, 5, 3, 3, 518400000, NOW(), NOW()),
(2026, 5, 4, 3, 518400000, NOW(), NOW()),
(2026, 5, 1, 4, 500000000, NOW(), NOW()),
(2026, 5, 2, 4, 500000000, NOW(), NOW()),
(2026, 5, 3, 4, 500000000, NOW(), NOW()),
(2026, 5, 4, 4, 500000000, NOW(), NOW()),
(2026, 5, 1, 5, 21862578, NOW(), NOW()),
(2026, 5, 2, 5, 21862578, NOW(), NOW()),
(2026, 5, 3, 5, 21862578, NOW(), NOW()),
(2026, 5, 4, 5, 21862578, NOW(), NOW()),
(2026, 5, 1, 6, 45581484, NOW(), NOW()),
(2026, 5, 2, 6, 45581484, NOW(), NOW()),
(2026, 5, 3, 6, 45581484, NOW(), NOW()),
(2026, 5, 4, 6, 45581484, NOW(), NOW()),
(2026, 6, 1, 1, 1207882500, NOW(), NOW()),
(2026, 6, 2, 1, 1207882500, NOW(), NOW()),
(2026, 6, 3, 1, 1207882500, NOW(), NOW()),
(2026, 6, 4, 1, 1207882500, NOW(), NOW()),
(2026, 6, 1, 2, 1595351953, NOW(), NOW()),
(2026, 6, 2, 2, 1595351953, NOW(), NOW()),
(2026, 6, 3, 2, 1595351953, NOW(), NOW()),
(2026, 6, 4, 2, 1595351953, NOW(), NOW()),
(2026, 6, 1, 3, 622080000, NOW(), NOW()),
(2026, 6, 2, 3, 622080000, NOW(), NOW()),
(2026, 6, 3, 3, 622080000, NOW(), NOW()),
(2026, 6, 4, 3, 622080000, NOW(), NOW()),
(2026, 6, 1, 4, 500000000, NOW(), NOW()),
(2026, 6, 2, 4, 500000000, NOW(), NOW()),
(2026, 6, 3, 4, 500000000, NOW(), NOW()),
(2026, 6, 4, 4, 500000000, NOW(), NOW()),
(2026, 6, 1, 5, 25141965, NOW(), NOW()),
(2026, 6, 2, 5, 25141965, NOW(), NOW()),
(2026, 6, 3, 5, 25141965, NOW(), NOW()),
(2026, 6, 4, 5, 25141965, NOW(), NOW()),
(2026, 6, 1, 6, 47860559, NOW(), NOW()),
(2026, 6, 2, 6, 47860559, NOW(), NOW()),
(2026, 6, 3, 6, 47860559, NOW(), NOW()),
(2026, 6, 4, 6, 47860559, NOW(), NOW()),
(2026, 7, 1, 1, 1328670750, NOW(), NOW()),
(2026, 7, 2, 1, 1328670750, NOW(), NOW()),
(2026, 7, 3, 1, 1328670750, NOW(), NOW()),
(2026, 7, 4, 1, 1328670750, NOW(), NOW()),
(2026, 7, 1, 2, 1675119551, NOW(), NOW()),
(2026, 7, 2, 2, 1675119551, NOW(), NOW()),
(2026, 7, 3, 2, 1675119551, NOW(), NOW()),
(2026, 7, 4, 2, 1675119551, NOW(), NOW()),
(2026, 7, 1, 3, 746496000, NOW(), NOW()),
(2026, 7, 2, 3, 746496000, NOW(), NOW()),
(2026, 7, 3, 3, 746496000, NOW(), NOW()),
(2026, 7, 4, 3, 746496000, NOW(), NOW()),
(2026, 7, 1, 4, 500000000, NOW(), NOW()),
(2026, 7, 2, 4, 500000000, NOW(), NOW()),
(2026, 7, 3, 4, 500000000, NOW(), NOW()),
(2026, 7, 4, 4, 500000000, NOW(), NOW()),
(2026, 7, 1, 5, 28913260, NOW(), NOW()),
(2026, 7, 2, 5, 28913260, NOW(), NOW()),
(2026, 7, 3, 5, 28913260, NOW(), NOW()),
(2026, 7, 4, 5, 28913260, NOW(), NOW()),
(2026, 7, 1, 6, 50253587, NOW(), NOW()),
(2026, 7, 2, 6, 50253587, NOW(), NOW()),
(2026, 7, 3, 6, 50253587, NOW(), NOW()),
(2026, 7, 4, 6, 50253587, NOW(), NOW()),
(2026, 8, 1, 1, 1461537825, NOW(), NOW()),
(2026, 8, 2, 1, 1461537825, NOW(), NOW()),
(2026, 8, 3, 1, 1461537825, NOW(), NOW()),
(2026, 8, 4, 1, 1461537825, NOW(), NOW()),
(2026, 8, 1, 2, 1758875528, NOW(), NOW()),
(2026, 8, 2, 2, 1758875528, NOW(), NOW()),
(2026, 8, 3, 2, 1758875528, NOW(), NOW()),
(2026, 8, 4, 2, 1758875528, NOW(), NOW()),
(2026, 8, 1, 3, 895795200, NOW(), NOW()),
(2026, 8, 2, 3, 895795200, NOW(), NOW()),
(2026, 8, 3, 3, 895795200, NOW(), NOW()),
(2026, 8, 4, 3, 895795200, NOW(), NOW()),
(2026, 8, 1, 4, 500000000, NOW(), NOW()),
(2026, 8, 2, 4, 500000000, NOW(), NOW()),
(2026, 8, 3, 4, 500000000, NOW(), NOW()),
(2026, 8, 4, 4, 500000000, NOW(), NOW()),
(2026, 8, 1, 5, 33250249, NOW(), NOW()),
(2026, 8, 2, 5, 33250249, NOW(), NOW()),
(2026, 8, 3, 5, 33250249, NOW(), NOW()),
(2026, 8, 4, 5, 33250249, NOW(), NOW()),
(2026, 8, 1, 6, 52766266, NOW(), NOW()),
(2026, 8, 2, 6, 52766266, NOW(), NOW()),
(2026, 8, 3, 6, 52766266, NOW(), NOW()),
(2026, 8, 4, 6, 52766266, NOW(), NOW()),
(2026, 9, 1, 1, 1607691608, NOW(), NOW()),
(2026, 9, 2, 1, 1607691608, NOW(), NOW()),
(2026, 9, 3, 1, 1607691608, NOW(), NOW()),
(2026, 9, 4, 1, 1607691608, NOW(), NOW()),
(2026, 9, 1, 2, 1846819305, NOW(), NOW()),
(2026, 9, 2, 2, 1846819305, NOW(), NOW()),
(2026, 9, 3, 2, 1846819305, NOW(), NOW()),
(2026, 9, 4, 2, 1846819305, NOW(), NOW()),
(2026, 9, 1, 3, 1074954240, NOW(), NOW()),
(2026, 9, 2, 3, 1074954240, NOW(), NOW()),
(2026, 9, 3, 3, 1074954240, NOW(), NOW()),
(2026, 9, 4, 3, 1074954240, NOW(), NOW()),
(2026, 9, 1, 4, 500000000, NOW(), NOW()),
(2026, 9, 2, 4, 500000000, NOW(), NOW()),
(2026, 9, 3, 4, 500000000, NOW(), NOW()),
(2026, 9, 4, 4, 500000000, NOW(), NOW()),
(2026, 9, 1, 5, 38237786, NOW(), NOW()),
(2026, 9, 2, 5, 38237786, NOW(), NOW()),
(2026, 9, 3, 5, 38237786, NOW(), NOW()),
(2026, 9, 4, 5, 38237786, NOW(), NOW()),
(2026, 9, 1, 6, 55404579, NOW(), NOW()),
(2026, 9, 2, 6, 55404579, NOW(), NOW()),
(2026, 9, 3, 6, 55404579, NOW(), NOW()),
(2026, 9, 4, 6, 55404579, NOW(), NOW()),
(2026, 10, 1, 1, 1768460768, NOW(), NOW()),
(2026, 10, 2, 1, 1768460768, NOW(), NOW()),
(2026, 10, 3, 1, 1768460768, NOW(), NOW()),
(2026, 10, 4, 1, 1768460768, NOW(), NOW()),
(2026, 10, 1, 2, 1939160270, NOW(), NOW()),
(2026, 10, 2, 2, 1939160270, NOW(), NOW()),
(2026, 10, 3, 2, 1939160270, NOW(), NOW()),
(2026, 10, 4, 2, 1939160270, NOW(), NOW()),
(2026, 10, 1, 3, 1289945088, NOW(), NOW()),
(2026, 10, 2, 3, 1289945088, NOW(), NOW()),
(2026, 10, 3, 3, 1289945088, NOW(), NOW()),
(2026, 10, 4, 3, 1289945088, NOW(), NOW()),
(2026, 10, 1, 4, 500000000, NOW(), NOW()),
(2026, 10, 2, 4, 500000000, NOW(), NOW()),
(2026, 10, 3, 4, 500000000, NOW(), NOW()),
(2026, 10, 4, 4, 500000000, NOW(), NOW()),
(2026, 10, 1, 5, 43973454, NOW(), NOW()),
(2026, 10, 2, 5, 43973454, NOW(), NOW()),
(2026, 10, 3, 5, 43973454, NOW(), NOW()),
(2026, 10, 4, 5, 43973454, NOW(), NOW()),
(2026, 10, 1, 6, 58174808, NOW(), NOW()),
(2026, 10, 2, 6, 58174808, NOW(), NOW()),
(2026, 10, 3, 6, 58174808, NOW(), NOW()),
(2026, 10, 4, 6, 58174808, NOW(), NOW()),
(2026, 11, 1, 1, 1945306845, NOW(), NOW()),
(2026, 11, 2, 1, 1945306845, NOW(), NOW()),
(2026, 11, 3, 1, 1945306845, NOW(), NOW()),
(2026, 11, 4, 1, 1945306845, NOW(), NOW()),
(2026, 11, 1, 2, 2036118283, NOW(), NOW()),
(2026, 11, 2, 2, 2036118283, NOW(), NOW()),
(2026, 11, 3, 2, 2036118283, NOW(), NOW()),
(2026, 11, 4, 2, 2036118283, NOW(), NOW()),
(2026, 11, 1, 3, 1547934106, NOW(), NOW()),
(2026, 11, 2, 3, 1547934106, NOW(), NOW()),
(2026, 11, 3, 3, 1547934106, NOW(), NOW()),
(2026, 11, 4, 3, 1547934106, NOW(), NOW()),
(2026, 11, 1, 4, 500000000, NOW(), NOW()),
(2026, 11, 2, 4, 500000000, NOW(), NOW()),
(2026, 11, 3, 4, 500000000, NOW(), NOW()),
(2026, 11, 4, 4, 500000000, NOW(), NOW()),
(2026, 11, 1, 5, 50569472, NOW(), NOW()),
(2026, 11, 2, 5, 50569472, NOW(), NOW()),
(2026, 11, 3, 5, 50569472, NOW(), NOW()),
(2026, 11, 4, 5, 50569472, NOW(), NOW()),
(2026, 11, 1, 6, 61083549, NOW(), NOW()),
(2026, 11, 2, 6, 61083549, NOW(), NOW()),
(2026, 11, 3, 6, 61083549, NOW(), NOW()),
(2026, 11, 4, 6, 61083549, NOW(), NOW()),
(2026, 12, 1, 1, 2139837530, NOW(), NOW()),
(2026, 12, 2, 1, 2139837530, NOW(), NOW()),
(2026, 12, 3, 1, 2139837530, NOW(), NOW()),
(2026, 12, 4, 1, 2139837530, NOW(), NOW()),
(2026, 12, 1, 2, 2137924198, NOW(), NOW()),
(2026, 12, 2, 2, 2137924198, NOW(), NOW()),
(2026, 12, 3, 2, 2137924198, NOW(), NOW()),
(2026, 12, 4, 2, 2137924198, NOW(), NOW()),
(2026, 12, 1, 3, 1857520927, NOW(), NOW()),
(2026, 12, 2, 3, 1857520927, NOW(), NOW()),
(2026, 12, 3, 3, 1857520927, NOW(), NOW()),
(2026, 12, 4, 3, 1857520927, NOW(), NOW()),
(2026, 12, 1, 4, 500000000, NOW(), NOW()),
(2026, 12, 2, 4, 500000000, NOW(), NOW()),
(2026, 12, 3, 4, 500000000, NOW(), NOW()),
(2026, 12, 4, 4, 500000000, NOW(), NOW()),
(2026, 12, 1, 5, 58154892, NOW(), NOW()),
(2026, 12, 2, 5, 58154892, NOW(), NOW()),
(2026, 12, 3, 5, 58154892, NOW(), NOW()),
(2026, 12, 4, 5, 58154892, NOW(), NOW()),
(2026, 12, 1, 6, 64137726, NOW(), NOW()),
(2026, 12, 2, 6, 64137726, NOW(), NOW()),
(2026, 12, 3, 6, 64137726, NOW(), NOW()),
(2026, 12, 4, 6, 64137726, NOW(), NOW());

INSERT INTO `sales_realizations` (`year`, `month`, `sales_member_id`, `entity_id`, `realization_amount`, `created_at`, `updated_at`) VALUES
(2026, 1, 1, 1, 577500000, NOW(), NOW()),
(2026, 1, 2, 1, 577500000, NOW(), NOW()),
(2026, 1, 3, 1, 945000000, NOW(), NOW()),
(2026, 1, 4, 1, 787500000, NOW(), NOW()),
(2026, 1, 1, 2, 1637500000, NOW(), NOW()),
(2026, 1, 2, 2, 1737500000, NOW(), NOW()),
(2026, 1, 3, 2, 1512500000, NOW(), NOW()),
(2026, 1, 4, 2, 1250000000, NOW(), NOW()),
(2026, 1, 1, 3, 45000000, NOW(), NOW()),
(2026, 1, 2, 3, 82500000, NOW(), NOW()),
(2026, 1, 3, 3, 112500000, NOW(), NOW()),
(2026, 1, 4, 3, 35000000, NOW(), NOW()),
(2026, 1, 1, 4, 495000000, NOW(), NOW()),
(2026, 1, 2, 4, 490000000, NOW(), NOW()),
(2026, 1, 3, 4, 485000000, NOW(), NOW()),
(2026, 1, 4, 4, 585000000, NOW(), NOW()),
(2026, 1, 1, 5, 16125000, NOW(), NOW()),
(2026, 1, 2, 5, 11750000, NOW(), NOW()),
(2026, 1, 3, 5, 15625000, NOW(), NOW()),
(2026, 1, 4, 5, 13125000, NOW(), NOW()),
(2026, 1, 1, 6, 47250000, NOW(), NOW()),
(2026, 1, 2, 6, 43500000, NOW(), NOW()),
(2026, 1, 3, 6, 34500000, NOW(), NOW()),
(2026, 1, 4, 6, 39375000, NOW(), NOW()),
(2026, 2, 1, 1, 825000000, NOW(), NOW()),
(2026, 2, 2, 1, 635250000, NOW(), NOW()),
(2026, 2, 3, 1, 948750000, NOW(), NOW()),
(2026, 2, 4, 1, 990000000, NOW(), NOW()),
(2026, 2, 1, 2, 1916250000, NOW(), NOW()),
(2026, 2, 2, 2, 1627500000, NOW(), NOW()),
(2026, 2, 3, 2, 1680000000, NOW(), NOW()),
(2026, 2, 4, 2, 1798125000, NOW(), NOW()),
(2026, 2, 1, 3, 150000000, NOW(), NOW()),
(2026, 2, 2, 3, 123000000, NOW(), NOW()),
(2026, 2, 3, 3, 99000000, NOW(), NOW()),
(2026, 2, 4, 3, 141000000, NOW(), NOW()),
(2026, 2, 1, 4, 365000000, NOW(), NOW()),
(2026, 2, 2, 4, 570000000, NOW(), NOW()),
(2026, 2, 3, 4, 550000000, NOW(), NOW()),
(2026, 2, 4, 4, 410000000, NOW(), NOW()),
(2026, 2, 1, 5, 11356250, NOW(), NOW()),
(2026, 2, 2, 5, 13943750, NOW(), NOW()),
(2026, 2, 3, 5, 15381250, NOW(), NOW()),
(2026, 2, 4, 5, 15381250, NOW(), NOW()),
(2026, 2, 1, 6, 43312500, NOW(), NOW()),
(2026, 2, 2, 6, 29531250, NOW(), NOW()),
(2026, 2, 3, 6, 36618750, NOW(), NOW()),
(2026, 2, 4, 6, 48431250, NOW(), NOW()),
(2026, 3, 1, 1, 635250000, NOW(), NOW()),
(2026, 3, 2, 1, 789525000, NOW(), NOW()),
(2026, 3, 3, 1, 689700000, NOW(), NOW()),
(2026, 3, 4, 1, 853050000, NOW(), NOW()),
(2026, 3, 1, 2, 1557281250, NOW(), NOW()),
(2026, 3, 2, 2, 1722656250, NOW(), NOW()),
(2026, 3, 3, 2, 1722656250, NOW(), NOW()),
(2026, 3, 4, 2, 1557281250, NOW(), NOW()),
(2026, 3, 1, 3, 50400000, NOW(), NOW()),
(2026, 3, 2, 3, 97200000, NOW(), NOW()),
(2026, 3, 3, 3, 136800000, NOW(), NOW()),
(2026, 3, 4, 3, 151200000, NOW(), NOW()),
(2026, 3, 1, 4, 445000000, NOW(), NOW()),
(2026, 3, 2, 4, 575000000, NOW(), NOW()),
(2026, 3, 3, 4, 485000000, NOW(), NOW()),
(2026, 3, 4, 4, 420000000, NOW(), NOW()),
(2026, 3, 1, 5, 18680313, NOW(), NOW()),
(2026, 3, 2, 5, 11571875, NOW(), NOW()),
(2026, 3, 3, 5, 13720938, NOW(), NOW()),
(2026, 3, 4, 5, 13720938, NOW(), NOW()),
(2026, 3, 1, 6, 33901875, NOW(), NOW()),
(2026, 3, 2, 6, 51266250, NOW(), NOW()),
(2026, 3, 3, 6, 46718438, NOW(), NOW()),
(2026, 3, 4, 6, 33075000, NOW(), NOW()),
(2026, 4, 1, 1, 1038180000, NOW(), NOW()),
(2026, 4, 2, 1, 778635000, NOW(), NOW()),
(2026, 4, 3, 1, 908407500, NOW(), NOW()),
(2026, 4, 4, 1, 948337500, NOW(), NOW()),
(2026, 4, 1, 2, 1953492188, NOW(), NOW()),
(2026, 4, 2, 2, 1982432813, NOW(), NOW()),
(2026, 4, 3, 2, 1895610938, NOW(), NOW()),
(2026, 4, 4, 2, 1794318750, NOW(), NOW()),
(2026, 4, 1, 3, 168480000, NOW(), NOW()),
(2026, 4, 2, 3, 112320000, NOW(), NOW()),
(2026, 4, 3, 3, 216000000, NOW(), NOW()),
(2026, 4, 4, 3, 56160000, NOW(), NOW()),
(2026, 4, 1, 4, 470000000, NOW(), NOW()),
(2026, 4, 2, 4, 410000000, NOW(), NOW()),
(2026, 4, 3, 4, 475000000, NOW(), NOW()),
(2026, 4, 4, 4, 445000000, NOW(), NOW()),
(2026, 4, 1, 5, 15588969, NOW(), NOW()),
(2026, 4, 2, 5, 17870281, NOW(), NOW()),
(2026, 4, 3, 5, 24714219, NOW(), NOW()),
(2026, 4, 4, 5, 21672469, NOW(), NOW()),
(2026, 4, 1, 6, 52093125, NOW(), NOW()),
(2026, 4, 2, 6, 35596969, NOW(), NOW()),
(2026, 4, 3, 6, 35162859, NOW(), NOW()),
(2026, 4, 4, 6, 41674500, NOW(), NOW()),
(2026, 5, 1, 1, 1054152000, NOW(), NOW()),
(2026, 5, 2, 1, 1054152000, NOW(), NOW()),
(2026, 5, 3, 1, 1076113500, NOW(), NOW()),
(2026, 5, 4, 1, 1174940250, NOW(), NOW()),
(2026, 5, 1, 2, 1549770469, NOW(), NOW()),
(2026, 5, 2, 2, 1610545781, NOW(), NOW()),
(2026, 5, 3, 2, 1808065547, NOW(), NOW()),
(2026, 5, 4, 2, 2081554453, NOW(), NOW()),
(2026, 5, 1, 3, 217728000, NOW(), NOW()),
(2026, 5, 2, 3, 196992000, NOW(), NOW()),
(2026, 5, 3, 3, 124416000, NOW(), NOW()),
(2026, 5, 4, 3, 259200000, NOW(), NOW()),
(2026, 5, 1, 4, 540000000, NOW(), NOW()),
(2026, 5, 2, 4, 415000000, NOW(), NOW()),
(2026, 5, 3, 4, 460000000, NOW(), NOW()),
(2026, 5, 4, 4, 515000000, NOW(), NOW()),
(2026, 5, 1, 5, 21425327, NOW(), NOW()),
(2026, 5, 2, 5, 19894946, NOW(), NOW()),
(2026, 5, 3, 5, 18583191, NOW(), NOW()),
(2026, 5, 4, 5, 19020443, NOW(), NOW()),
(2026, 5, 1, 6, 53786152, NOW(), NOW()),
(2026, 5, 2, 6, 57888485, NOW(), NOW()),
(2026, 5, 3, 6, 35097743, NOW(), NOW()),
(2026, 5, 4, 6, 33730298, NOW(), NOW());

SET FOREIGN_KEY_CHECKS = 1;
